#ID,display,name,host,thumbnail,image,description,location,time,endDate,pricing,link
1,no,Free Flow Brunch ,Resident chef Linh-San & DÃ©glacer,img2.webp,,"A one-of-a-kind Free Flow Brunch weekend with our resident chef Linh-San (@sannysfood), marking First-ever resident chef concept in Hanoi. 
Let's celebrate this beautiful autumn breeze with Linh-San, whose hospitality and culinary career started in Denmark. Born and raised in Bulgaria while also having lived in Denmark and Vietnam, Linh-San grew her love for food as she explored the role it plays in each personâ€™s identity and culture. For San, food is emotional, food brings people closer together. 

Linh-San has honed her skills working for some of the best chefs in the countries she has lived in. This coming October, Linh-San will collaborate with DÃ©glacer on the Free Flow Brunch event, inviting you to enjoy a friendly and delicious brunch experience.

The brunch will be served buffet-style, including a variety of food & beverages to choose from: 
- Cold station: Caesar salad, grilled veggies, plenty of homemade bread, butter, rilletes, sun-dried tomatoes, olives, hummus dippings, french toast, ...
- Hot station: Beef Wellington, grilled prawn, sausages, ...
- Dessert: Fruit platter, tiramisu, mini muffin, ...

Limited seats - Reserve now! ","DÃ©glacer, sá»‘ 18, NgÃµ 268 Ngá»c Thuá»µ, Long BiÃªn, HÃ  Ná»™i","9h30 - 14h - October 7-8
9h30 - 14h - October 14-15",15/10/2023,"685,000++/pax",https://www.facebook.com/events/1018062636112070
2,no,20/10 Special Set Menu & Gifts,DÃ©glacer,IMG_0400.JPG,"Special set menu.PNG
2010-detail1.PNG
Enlight1137.jpg
2010Facebook.png","On the occasion of Vietnamese Women's Day, and just as every other day, we would love to celebrate and cherish all women in Vietnam. Especially this week, we have little gifts for all the ladies as a token of appreciation:
- Complimentary welcome drink & gifts for all ladies this week (18-22/10)
- Special set menu with wine pairing option: available for lunch & dinner from 21-22/10","DÃ©glacer, sá»‘ 18, NgÃµ 268 Ngá»c Thuá»µ, Long BiÃªn, HÃ  Ná»™i",October 18-22 ,22/10/2023,,https://www.facebook.com/events/340967065169784
3,no,Halloween week ,DÃ©glacer,Halloween IGFB Story.jpeg,"voucher.jpeg
fixed.jpg","ğğ ğ…ğ‘ğˆğ†ğ‡ğ“, ğğğ‹ğ˜ ğƒğ„ğ‹ğˆğ†ğ‡ğ“!
ğ‡ğšğ¥ğ¥ğ¨ğ°ğğğ§ ğœğ¨ğ¬ğ­ğ®ğ¦ğ - ğ“ğ«ğğšğ¬ğ®ğ«ğ ğ¡ğ®ğ§ğ­ - ğğ®ğ¦ğ©ğ¤ğ¢ğ§ ğğğœğ¨ğ«ğšğ­ğ¢ğ¨ğ§
Get ready for the Halloween week! Bring your friends, family, partners, and kids to get surprise treats from us and immerse in spooky vibes at DÃ©glacer.
ğ“ğ«ğğšğ¬ğ®ğ«ğ ğ¡ğ®ğ§ğ­: On October 28-29, we have some hidden prizes for you to ""hunt"" as you come to have lunch or dinner with us!
Look for special prizes around your table or our Halloween corner ğŸ¤— Special prizes include a bottle of wine, a voucher of 500.000d, 200.000d, or 100.000d!
âœ¨ Feel free to dress up and wear a costume for the night and come to our Halloween corner to decorate some carved pumpkins!","DÃ©glacer, sá»‘ 18, NgÃµ 268 Ngá»c Thuá»µ, Long BiÃªn, HÃ  Ná»™i",October 25-30 ,30/10/2023,,https://fb.me/e/1pLjh9l9x
4,no,Family heritage - Collaboration with Chef Nguyen Van Tu,DÃ©glacer,fam heritage ep1.jpg,"menu.jpg
chu Tu.jpeg
ironchefthai.jpeg
fam heritage ep1.jpg","In this first episode of the ""Family Heritage"" season, DÃ©glacer is honoured to welcome chef Nguyen Van Tu - Iron Chef Vietnam 2012. Chef Nguyen Van Tu has more than 20 years of expertise in the culinary field. After graduating from Hanoi Tourism College, he began working in well-known hotels such as Hanoi Lake View, Meritus Wesk Lake, and Press Club. He is a well-known European chef in Hanoi, having played a significant role in the success of several major culinary events.

On this special occasion, Chef Hieu and Chef Tu are honoured to send DÃ©glacer's diners a special set menu on November 5, 2023. Enjoy the taste of autumn from these two talented chefs, we hope that customers will have a memorable experience.
For more detailed information about the menu and table reservations, please contact the hotline or send a message to DÃ©glacer so we can assist you as soon as possible.
","DÃ©glacer, sá»‘ 18, NgÃµ 268 Ngá»c Thuá»µ, Long BiÃªn, HÃ  Ná»™i","17h-end, November 5",6/11/2023,"1,290,000++/pax",https://www.facebook.com/deglacer.hn/posts/pfbid0aiKmQWtEKEM7hYERjcmmemzvrs4dR6XMTMr1AvzYm52USGtkoQaz1d6VcHBoPqiyl
5,no,Fundraising Free Flow Brunch,DÃ©glacer,ffb blue dragon.jpg,"social square blue.png
ffb blue 2.jpeg
ffb blue 3.jpeg
grill.jpeg
ffb blue grill.jpeg
ffb blue san.jpeg","This November, Deglacer will continue to collaborate with resident chef Linh-San to bring new brunch dishes. Fundraising Free Flow Brunch will donate 50% of profits to Blue Dragon Children's Foundation as part of their journey to support children and families in crisis throughout Vietnam. Furthermore, during this event, guests can directly participate in changing a child's life by supporting and auctioning Blue Dragon products.
Sneak peek at some new dishes:
ğŸƒBone marrow
ğŸƒTajine
ğŸƒMacÃ©doine
ğŸƒRed velvet
And so much more to explore...

ğŸ•£ Time: 9.30 am - 2.00 pm, 18-19 & 25-26 November
âœ¨ Fees: 1,125,000 VND/pax (net price)
Due to the limited capacity, reservations are recommended for an amazing experience via 0975 239 095
--------------
DÃ©glacer - Modern riverside bistro
deglacerbistro.com
Add: No. 18, Lane 268 Ngoc Thuy, Long Bien, Hanoi
Hotline: 0975 239 095","DÃ©glacer, sá»‘ 18, NgÃµ 268 Ngá»c Thuá»µ, Long BiÃªn, HÃ  Ná»™i","9.30 am - 2.00 pm, 18-19 & 25-26 November",18/11/2023,"1,125,000/pax",
6,no,Family heritage - Collaboration with Lucci Nguyen Tuan Anh from USEbar,"USEbar - 55 Ngo Hue, Hai Ba Trung, Hanoi",IMG_2500.jpeg,"IMG_2503.jpeg
IMG_2335.jpeg
IMG_2500.jpeg","FAMILY HERITAGE  EPISODE 2 X LUCCI NGUYEN TUAN ANH FROM USEBAR

Join DÃ©glacer in toasting the much-anticipated episode 2 of the ""FAMILY HERITAGE"" series of events with two brothers from the same family, chef Ha Hieu and Mr. Nguyen Tuan Anh - founder of USEbar Hanoi.  There was a time when Tuan Anh and Hieu worked together at J.A.F.A restaurant around 2013-2014. Unlike most of his family members,  however, Tuan Anh chose to work in the bartending industry after graduating from high school and he has 8 years of experience in this sector thus far. He used to be a manager at The Haflington, one of Asia's 50 greatest bars in 2023, holding the World Class Champion award Vietnam 2023, after many years of working at some famous bars.

This Family Heritage event will take place at USEBar Hanoi, presenting a novel combination of a menu of unique canapes from Hieu - DÃ©glacer complimented by innovative cocktails created by Tuan Anh and the USEbar crew.

Come and enjoy a special price of 950,000VND/pax
___

USEbar, 55 Ngo Hue, Hai Ba Trung, Hanoi,
Hotline: 035.666.8878 or 097.523.9095
Message DÃ©glacer or USEbar for more info","USEbar - 55 Ngo Hue, Hai Ba Trung, Hanoi","19h - end 
December 12",12/12/2023,"950,000/pax",https://fb.me/e/wDp7I0EMt
7,no,Fundraising Free Flow Brunch x Keep Vietnam Clean,DÃ©glacer,IMG_2646.jpeg,"IMG_2647.jpeg
IMG_2646.jpeg","FUNDRAISING FREE FLOW BRUNCH X KEEP VIETNAM CLEAN 

Celebrate your December with DÃ©glacer and our new friend @keepvietnamclean in an extremely meaningful event - Fundraising Free Flow Brunch. With a mission to promote and inspire sustainable lifestyles and environmental health across Vietnam, Keep Vietnam Clean has engaged 5,244 volunteers, organised 106 clean-up events, collected 314 tons of waste, developed 1,700 m2 of greenspace, recruited 496 citizens to champion environmental improvement, set up 6 demo sites of regenerative farming practices. 

In this event, we invite you to enjoy a new glass of mulled wine with lamb, beef, and fresh seafood plate meals. DÃ©glacer and diners will join forces with Keep Vietnam Clean in fundraising activities for the project ""Green Space, Healthy Lifestyle,"" planting shade trees for almost 900 students and 49 teachers at Phuc Tien Primary School, with 50% of the event profit given to Keep Vietnam Clean.

ğŸ“ Fundraising Free Flow Brunch: 850,000++/pax 
ğŸ“… From 10:00 - 14:30, November 16-17

We hope to see you at DÃ©glacer!","DÃ©glacer, sá»‘ 18, NgÃµ 268 Ngá»c Thuá»µ, Long BiÃªn, HÃ  Ná»™i","10 - 14:30, December 16-17",17/12/2023,"850,000++/pax",https://www.facebook.com/deglacer.hn/posts/pfbid02WpHH2UE2VfpmenfefhAMEQjVmrb96sHdXWWanxVQT5BaGxUMxKnFcPEiAiDQ5brxl
8,no,Christmas in Long Bien,DÃ©glacer,xmas set menu.jpeg,"xmas vibes.jpeg
xmas set menu.jpeg","COZY CHRISTMAS DINNER AT DEGLACER! 

Tired of the hustle busle in the inner city? Come join us at Deglacer, with heartwarming meals and lovely indoor and outdoor space!

Christmas set menu is only at 950,000, and a free flow wine option of 555,000. Bring your family and friends to celebrate a good time with us! 

FYI: Guests can pick surprise presents from our Christmas trees, with a chance to win a bottle of wine, a glass of wine, vouchers....","DÃ©glacer, sá»‘ 18, NgÃµ 268 Ngá»c Thuá»µ, Long BiÃªn, HÃ  Ná»™i",Dinners on December 23-25,25/12/2023,"950,000/pax",
9,no,PRE NEW YEAR'S EVE,DÃ©glacer,NYE.JPG,"NYE.JPG
NYE2.JPG
NYE3.JPG
NYE4.JPG","Pre New Year's at DÃ©glacer

As we bid farewell to this extraordinary year, we would be honoured if you chose us for your year-end celebrations.
Only on December 30, from 9pm, our Pre new year's eve will take place with festival of canapes, free flow wine and drinks. The menu holds many surprises and novel flavours for our esteemed guests paired with some selected music from our DJs.

Celebrate the festive spirit with your loved one for only 1,025,000 VND/ person. Unwrap joy, savor moments, and create cherished memories with us this holiday season!","DÃ©glacer, sá»‘ 18, NgÃµ 268 Ngá»c Thuá»µ, Long BiÃªn, HÃ  Ná»™i",21h-end,30/12/2023,"1,025,000/pax",https://www.facebook.com/deglacer.hn/posts/pfbid01Epc9Y24mSMDjytj6c2qbo4SsZeqh2foxp6VS7cDUTELWqoT8XS1RnbmppuyiV6Ql
10,no,"LONG BIEN INVITES
Deux en un by Chef Hai and Chef Hieu",DÃ©glacer,LBI1.jpeg,,"A new season of events are coming to you - LONG BIEN INVITES. 
Proudly calling Long Bien our home, we welcome guest chefs to DÃ©glacerâ€”a culinary playground for collaboration and innovation. We offer unique, wholesome, and fun dishes to delight our guests.

For our first event, we introduce Chef Hai from Paris in our open kitchen. He will bring fresh culinary experiences with a special Ã  la carte menu themed ""ğƒğğ®ğ± ğğ§ ğ”ğ§ - Two in Oneâ€ featuring the same main ingredients prepared in two distinct styles.

Chef Hai, born in HÃ  Ná»™i, Viá»‡t Nam, moved to France at 18. He developed his skills in Michelin-starred restaurants and hosted pop-ups in Paris, showcasing his unique cooking style and creating memorable experiences.

Talk about his cooking style, Hai likes to use classic techniques combined with new ingredients as well as playing around with flavours. His cuisine is mostly French with influences from Viá»‡t Nam, Argentina, China, Italy and so much more as it retraces his culinary story.

And Chef Hai is here to tell you all about that. After a decade abroad, now he's back in his beloved hometown, ready to conquer new challenges and bring a little taste of Paris to HÃ  Ná»™i, alongside with Chef Hieu at DÃ©glacer.

ğŸ¶Not only good food and wines, live DJ by Dusan is waiting for you! Come & join us for this amazing event! â¤ï¸â€ğŸ”¥


ğŸ¥‚Special Ã  la carte menu with natural/organic/sustainable wine pours with love.
âœ¨June 1-2, seatings open from 18-21h 
ğŸ¥–Reservation recommended! ","DÃ©glacer, sá»‘ 18, NgÃµ 268 Ngá»c Thuá»µ, Long BiÃªn, HÃ  Ná»™i",1/6/2024 | 18-21h,2/6/2024,,
11,no,"LONG BIEN INVITES
A Taste of ""Home"" by Chef Yuni and Chef Hieu",DÃ©glacer,poster LB4.jpg,"poster LB4.jpg
(print) LB4 food menu@4x.png","Weâ€™re back and couldnâ€™t be more excited to continue our Long BiÃªn series with a new episode. Every event is a chance to bring people together, and this time, weâ€™re truly honored to welcome Chef Sri Wahyuni from Indonesia to DÃ©glacer.

ğŸ‘©â€ğŸ³ Chef Yuni has an incredible journey, with years of experience in both Indonesia and Hong Kong. Her passion for authentic Indonesian cuisine shines through in every dish. Expect bold Southeast Asian flavors, beautifully balanced with global influences. For this event, sheâ€™ll be sharing the heart and soul of her hometown, Surabaya, with you all.

""A Taste of Home"" - A special Ã€ la carte - itâ€™s about comfort, warmth, and the feeling of being surrounded by those you love. Chef Yuni and Chef Hieu will bring the homestyle flavors of Indonesia and France to remind you of those cozy family dinners.

Some lovely wines from Da Loc are ready for ya to sip while devouring tasty dishes from both chefs.
Welcome to our home in Long BiÃªn! Book your table nowâ€”this is a one-night-only event, and we canâ€™t wait to share it with you and your loved ones!

ğŸ“… Date: Oct 11, 2024
ğŸ•  Time: 5.30PM - 9.30PM
ğŸ“ Location: DÃ©glacer - No 18, Lane 268, Ngoc Thuy, Long Bien, Hanoi","DÃ©glacer, sá»‘ 18, NgÃµ 268 Ngá»c Thuá»µ, Long BiÃªn, HÃ  Ná»™i",11/10/2024 | 17h30 - 21h30,12/10/2024,,https://www.facebook.com/share/9D3uT5jrzpkCd774/
12,no,HALLOWEEN IN THE HOOD,DÃ©glacer,hlw.jpeg,"hlw.jpeg
hlw2.jpeg
hlw3.jpeg
hlw4.jpeg
hlw5.jpeg","It's time to turn the hood into haunted! ğŸƒ  
We're inviting you to ""ğ—›ğ—®ğ—¹ğ—¹ğ—¼ğ˜„ğ—²ğ—²ğ—» ğ—¶ğ—» ğ˜ğ—µğ—² ğ—µğ—¼ğ—¼ğ—±"" ğŸ‘» â€” a fun, funky event full of spooky surprises.  

ğŸ­ Get crafty with pumpkin decorating, enjoy delicious treats, sip on spooky drinks and desserts, and flaunt your costume at the corner. It promises to be a blast!  
âœ¨ Special Halloween Menu:  
ğŸ‘» Bloody Cocktail 150k  
ğŸ‘» Spooky Mocktail 120k  
ğŸ‘» Eye-See-You Pumpkin Dessert 80k  
ğŸª Get 1 free bag of Boo-bites cookies when you order any special Halloween items!  

Mark your calendar for our Halloween magic week!  
ğŸƒ Oct 26th-31st at DÃ©glacer  
ğŸ”® Free entry for everyone  ","DÃ©glacer, sá»‘ 18, NgÃµ 268 Ngá»c Thuá»µ, Long BiÃªn, HÃ  Ná»™i",26/10/2024,31/10/2024,,https://www.facebook.com/share/wgJ1DhvweYmLcjC2/
13,yes,LONG BIEN INVITES: Chef Bryan and Chef Rocio from Capos,DÃ©glacer,springfest.jpg,,,"DÃ©glacer, sá»‘ 18, NgÃµ 268 Ngá»c Thuá»µ, Long BiÃªn, HÃ  Ná»™i",6/3/2025,6/3/2025,,
14,no,,,,,,,,,,
15,no,,,,,,,,,,
16,no,,,,,,,,,,
17,no,,,,,,,,,,
18,no,,,,,,,,,,
19,no,,,,,,,,,,
20,no,,,,,,,,,,
21,no,,,,,,,,,,
22,no,,,,,,,,,,
23,no,,,,,,,,,,
24,no,,,,,,,,,,
25,no,,,,,,,,,,
26,no,,,,,,,,,,
27,no,,,,,,,,,,
28,no,,,,,,,,,,
29,no,,,,,,,,,,
30,no,,,,,,,,,,
31,no,,,,,,,,,,
32,no,,,,,,,,,,
33,no,,,,,,,,,,
34,no,,,,,,,,,,
35,no,,,,,,,,,,
36,no,,,,,,,,,,
37,no,,,,,,,,,,
38,no,,,,,,,,,,
39,no,,,,,,,,,,
40,no,,,,,,,,,,
41,no,,,,,,,,,,
42,no,,,,,,,,,,
43,no,,,,,,,,,,
44,no,,,,,,,,,,
45,no,,,,,,,,,,
46,no,,,,,,,,,,
47,no,,,,,,,,,,
48,no,,,,,,,,,,
49,no,,,,,,,,,,
50,no,,,,,,,,,,
51,no,,,,,,,,,,
52,no,,,,,,,,,,
53,no,,,,,,,,,,
54,no,,,,,,,,,,
55,no,,,,,,,,,,
56,no,,,,,,,,,,
57,no,,,,,,,,,,
58,no,,,,,,,,,,
59,no,,,,,,,,,,
60,no,,,,,,,,,,
61,no,,,,,,,,,,
62,no,,,,,,,,,,
63,no,,,,,,,,,,
64,no,,,,,,,,,,
65,no,,,,,,,,,,
66,no,,,,,,,,,,
67,no,,,,,,,,,,
68,no,,,,,,,,,,
69,no,,,,,,,,,,
70,no,,,,,,,,,,
71,no,,,,,,,,,,
72,no,,,,,,,,,,
73,no,,,,,,,,,,
74,no,,,,,,,,,,
75,no,,,,,,,,,,
76,no,,,,,,,,,,
77,no,,,,,,,,,,
78,no,,,,,,,,,,
79,no,,,,,,,,,,
80,no,,,,,,,,,,
81,no,,,,,,,,,,
82,no,,,,,,,,,,
83,no,,,,,,,,,,
84,no,,,,,,,,,,
85,no,,,,,,,,,,
86,no,,,,,,,,,,
87,no,,,,,,,,,,
88,no,,,,,,,,,,
89,no,,,,,,,,,,
90,no,,,,,,,,,,
91,no,,,,,,,,,,
92,no,,,,,,,,,,
93,no,,,,,,,,,,
94,no,,,,,,,,,,
95,no,,,,,,,,,,
96,no,,,,,,,,,,
97,no,,,,,,,,,,
98,no,,,,,,,,,,
99,no,,,,,,,,,,
100,no,,,,,,,,,,
101,no,,,,,,,,,,
102,no,,,,,,,,,,
103,no,,,,,,,,,,
104,no,,,,,,,,,,
105,no,,,,,,,,,,
106,no,,,,,,,,,,
107,no,,,,,,,,,,
108,no,,,,,,,,,,
109,no,,,,,,,,,,
110,no,,,,,,,,,,
111,no,,,,,,,,,,
112,no,,,,,,,,,,
113,no,,,,,,,,,,
114,no,,,,,,,,,,
115,no,,,,,,,,,,
116,no,,,,,,,,,,
117,no,,,,,,,,,,
118,no,,,,,,,,,,
119,no,,,,,,,,,,
120,no,,,,,,,,,,
121,no,,,,,,,,,,
122,no,,,,,,,,,,
123,no,,,,,,,,,,
124,no,,,,,,,,,,
125,no,,,,,,,,,,
126,no,,,,,,,,,,
127,no,,,,,,,,,,
128,no,,,,,,,,,,
129,no,,,,,,,,,,
130,no,,,,,,,,,,
131,no,,,,,,,,,,
132,no,,,,,,,,,,
133,no,,,,,,,,,,
134,no,,,,,,,,,,
135,no,,,,,,,,,,
136,no,,,,,,,,,,
137,no,,,,,,,,,,
138,no,,,,,,,,,,
139,no,,,,,,,,,,
140,no,,,,,,,,,,
141,no,,,,,,,,,,
142,no,,,,,,,,,,
143,no,,,,,,,,,,
144,no,,,,,,,,,,
145,,,,,,,,,,,
146,,,,,,,,,,,
147,,,,,,,,,,,
148,,,,,,,,,,,
149,,,,,,,,,,,
150,,,,,,,,,,,
151,,,,,,,,,,,
152,,,,,,,,,,,
153,,,,,,,,,,,
154,,,,,,,,,,,
155,,,,,,,,,,,
156,,,,,,,,,,,
157,,,,,,,,,,,
158,,,,,,,,,,,
159,,,,,,,,,,,
160,,,,,,,,,,,
161,,,,,,,,,,,
162,,,,,,,,,,,
163,,,,,,,,,,,
164,,,,,,,,,,,
165,,,,,,,,,,,
166,,,,,,,,,,,
167,,,,,,,,,,,
168,,,,,,,,,,,
169,,,,,,,,,,,
170,,,,,,,,,,,
171,,,,,,,,,,,
172,,,,,,,,,,,
173,,,,,,,,,,,
174,,,,,,,,,,,
175,,,,,,,,,,,
176,,,,,,,,,,,
177,,,,,,,,,,,
178,,,,,,,,,,,
179,,,,,,,,,,,
180,,,,,,,,,,,
181,,,,,,,,,,,
182,,,,,,,,,,,
183,,,,,,,,,,,
184,,,,,,,,,,,
185,,,,,,,,,,,
186,,,,,,,,,,,
187,,,,,,,,,,,
188,,,,,,,,,,,
189,,,,,,,,,,,
190,,,,,,,,,,,
191,,,,,,,,,,,
192,,,,,,,,,,,
193,,,,,,,,,,,
194,,,,,,,,,,,
195,,,,,,,,,,,
196,,,,,,,,,,,
197,,,,,,,,,,,
198,,,,,,,,,,,
199,,,,,,,,,,,
200,,,,,,,,,,,
201,,,,,,,,,,,
202,,,,,,,,,,,
203,,,,,,,,,,,
204,,,,,,,,,,,
205,,,,,,,,,,,
206,,,,,,,,,,,
207,,,,,,,,,,,
208,,,,,,,,,,,
209,,,,,,,,,,,
210,,,,,,,,,,,
211,,,,,,,,,,,
212,,,,,,,,,,,
213,,,,,,,,,,,
214,,,,,,,,,,,
215,,,,,,,,,,,
216,,,,,,,,,,,
217,,,,,,,,,,,
218,,,,,,,,,,,
219,,,,,,,,,,,
220,,,,,,,,,,,
221,,,,,,,,,,,
222,,,,,,,,,,,
223,,,,,,,,,,,
224,,,,,,,,,,,
225,,,,,,,,,,,
226,,,,,,,,,,,
227,,,,,,,,,,,
228,,,,,,,,,,,
229,,,,,,,,,,,
230,,,,,,,,,,,
231,,,,,,,,,,,
232,,,,,,,,,,,
233,,,,,,,,,,,
234,,,,,,,,,,,
235,,,,,,,,,,,
236,,,,,,,,,,,
237,,,,,,,,,,,
238,,,,,,,,,,,
239,,,,,,,,,,,
240,,,,,,,,,,,
241,,,,,,,,,,,
242,,,,,,,,,,,
243,,,,,,,,,,,
244,,,,,,,,,,,
245,,,,,,,,,,,
246,,,,,,,,,,,
247,,,,,,,,,,,
248,,,,,,,,,,,
249,,,,,,,,,,,
250,,,,,,,,,,,
251,,,,,,,,,,,
252,,,,,,,,,,,
253,,,,,,,,,,,
254,,,,,,,,,,,
255,,,,,,,,,,,
256,,,,,,,,,,,
257,,,,,,,,,,,
258,,,,,,,,,,,
259,,,,,,,,,,,
260,,,,,,,,,,,
261,,,,,,,,,,,
262,,,,,,,,,,,
263,,,,,,,,,,,
264,,,,,,,,,,,
265,,,,,,,,,,,
266,,,,,,,,,,,
267,,,,,,,,,,,
268,,,,,,,,,,,
269,,,,,,,,,,,
270,,,,,,,,,,,
271,,,,,,,,,,,
272,,,,,,,,,,,
273,,,,,,,,,,,
274,,,,,,,,,,,
275,,,,,,,,,,,
276,,,,,,,,,,,
277,,,,,,,,,,,
278,,,,,,,,,,,
279,,,,,,,,,,,
280,,,,,,,,,,,
281,,,,,,,,,,,
282,,,,,,,,,,,
283,,,,,,,,,,,
284,,,,,,,,,,,
285,,,,,,,,,,,
286,,,,,,,,,,,
287,,,,,,,,,,,
288,,,,,,,,,,,
289,,,,,,,,,,,
290,,,,,,,,,,,
291,,,,,,,,,,,
292,,,,,,,,,,,
293,,,,,,,,,,,
294,,,,,,,,,,,
295,,,,,,,,,,,
296,,,,,,,,,,,
297,,,,,,,,,,,
298,,,,,,,,,,,
299,,,,,,,,,,,
300,,,,,,,,,,,
301,,,,,,,,,,,
302,,,,,,,,,,,
303,,,,,,,,,,,
304,,,,,,,,,,,
305,,,,,,,,,,,
306,,,,,,,,,,,
307,,,,,,,,,,,
308,,,,,,,,,,,
309,,,,,,,,,,,
310,,,,,,,,,,,
311,,,,,,,,,,,
312,,,,,,,,,,,
313,,,,,,,,,,,
314,,,,,,,,,,,
315,,,,,,,,,,,
316,,,,,,,,,,,
317,,,,,,,,,,,
318,,,,,,,,,,,
319,,,,,,,,,,,
320,,,,,,,,,,,
321,,,,,,,,,,,
322,,,,,,,,,,,
323,,,,,,,,,,,
324,,,,,,,,,,,
325,,,,,,,,,,,
326,,,,,,,,,,,
327,,,,,,,,,,,
328,,,,,,,,,,,
329,,,,,,,,,,,
330,,,,,,,,,,,
331,,,,,,,,,,,
332,,,,,,,,,,,
333,,,,,,,,,,,
334,,,,,,,,,,,
335,,,,,,,,,,,
336,,,,,,,,,,,
337,,,,,,,,,,,
338,,,,,,,,,,,
339,,,,,,,,,,,
340,,,,,,,,,,,
341,,,,,,,,,,,
342,,,,,,,,,,,
343,,,,,,,,,,,
344,,,,,,,,,,,
345,,,,,,,,,,,
346,,,,,,,,,,,
347,,,,,,,,,,,
348,,,,,,,,,,,
349,,,,,,,,,,,
350,,,,,,,,,,,
351,,,,,,,,,,,
352,,,,,,,,,,,
353,,,,,,,,,,,
354,,,,,,,,,,,
355,,,,,,,,,,,
356,,,,,,,,,,,
357,,,,,,,,,,,
358,,,,,,,,,,,
359,,,,,,,,,,,
360,,,,,,,,,,,
361,,,,,,,,,,,
362,,,,,,,,,,,
363,,,,,,,,,,,
364,,,,,,,,,,,
365,,,,,,,,,,,
366,,,,,,,,,,,
367,,,,,,,,,,,
368,,,,,,,,,,,
369,,,,,,,,,,,
370,,,,,,,,,,,
371,,,,,,,,,,,
372,,,,,,,,,,,
373,,,,,,,,,,,
374,,,,,,,,,,,
375,,,,,,,,,,,
376,,,,,,,,,,,
377,,,,,,,,,,,
378,,,,,,,,,,,
379,,,,,,,,,,,
380,,,,,,,,,,,
381,,,,,,,,,,,
382,,,,,,,,,,,
383,,,,,,,,,,,
384,,,,,,,,,,,
385,,,,,,,,,,,
386,,,,,,,,,,,
387,,,,,,,,,,,
388,,,,,,,,,,,
389,,,,,,,,,,,
390,,,,,,,,,,,
391,,,,,,,,,,,
392,,,,,,,,,,,
393,,,,,,,,,,,
394,,,,,,,,,,,
395,,,,,,,,,,,
396,,,,,,,,,,,
397,,,,,,,,,,,
398,,,,,,,,,,,
399,,,,,,,,,,,
400,,,,,,,,,,,
401,,,,,,,,,,,
402,,,,,,,,,,,
403,,,,,,,,,,,
404,,,,,,,,,,,
405,,,,,,,,,,,
406,,,,,,,,,,,
407,,,,,,,,,,,
408,,,,,,,,,,,
409,,,,,,,,,,,
410,,,,,,,,,,,
411,,,,,,,,,,,
412,,,,,,,,,,,
413,,,,,,,,,,,
414,,,,,,,,,,,
415,,,,,,,,,,,
416,,,,,,,,,,,
417,,,,,,,,,,,
418,,,,,,,,,,,
419,,,,,,,,,,,
420,,,,,,,,,,,
421,,,,,,,,,,,
422,,,,,,,,,,,
423,,,,,,,,,,,
424,,,,,,,,,,,
425,,,,,,,,,,,
426,,,,,,,,,,,
427,,,,,,,,,,,
428,,,,,,,,,,,
429,,,,,,,,,,,
430,,,,,,,,,,,
431,,,,,,,,,,,
432,,,,,,,,,,,
433,,,,,,,,,,,
434,,,,,,,,,,,
435,,,,,,,,,,,
436,,,,,,,,,,,
437,,,,,,,,,,,
438,,,,,,,,,,,
439,,,,,,,,,,,
440,,,,,,,,,,,
441,,,,,,,,,,,
442,,,,,,,,,,,
443,,,,,,,,,,,
444,,,,,,,,,,,
445,,,,,,,,,,,
446,,,,,,,,,,,
447,,,,,,,,,,,
448,,,,,,,,,,,
449,,,,,,,,,,,
450,,,,,,,,,,,
451,,,,,,,,,,,
452,,,,,,,,,,,
453,,,,,,,,,,,
454,,,,,,,,,,,
455,,,,,,,,,,,
456,,,,,,,,,,,
457,,,,,,,,,,,
458,,,,,,,,,,,
459,,,,,,,,,,,
460,,,,,,,,,,,
461,,,,,,,,,,,
462,,,,,,,,,,,
463,,,,,,,,,,,
464,,,,,,,,,,,
465,,,,,,,,,,,
466,,,,,,,,,,,
467,,,,,,,,,,,
468,,,,,,,,,,,
469,,,,,,,,,,,
470,,,,,,,,,,,
471,,,,,,,,,,,
472,,,,,,,,,,,
473,,,,,,,,,,,
474,,,,,,,,,,,
475,,,,,,,,,,,
476,,,,,,,,,,,
477,,,,,,,,,,,
478,,,,,,,,,,,
479,,,,,,,,,,,
480,,,,,,,,,,,
481,,,,,,,,,,,
482,,,,,,,,,,,
483,,,,,,,,,,,
484,,,,,,,,,,,
485,,,,,,,,,,,
486,,,,,,,,,,,
487,,,,,,,,,,,
488,,,,,,,,,,,
489,,,,,,,,,,,
490,,,,,,,,,,,
491,,,,,,,,,,,
492,,,,,,,,,,,
493,,,,,,,,,,,
494,,,,,,,,,,,
495,,,,,,,,,,,
496,,,,,,,,,,,
497,,,,,,,,,,,
498,,,,,,,,,,,
499,,,,,,,,,,,
500,,,,,,,,,,,
501,,,,,,,,,,,
502,,,,,,,,,,,
503,,,,,,,,,,,
504,,,,,,,,,,,
505,,,,,,,,,,,
506,,,,,,,,,,,
507,,,,,,,,,,,
508,,,,,,,,,,,
509,,,,,,,,,,,
510,,,,,,,,,,,
511,,,,,,,,,,,
512,,,,,,,,,,,
513,,,,,,,,,,,
514,,,,,,,,,,,
515,,,,,,,,,,,
516,,,,,,,,,,,
517,,,,,,,,,,,
518,,,,,,,,,,,
519,,,,,,,,,,,
520,,,,,,,,,,,
521,,,,,,,,,,,
522,,,,,,,,,,,
523,,,,,,,,,,,
524,,,,,,,,,,,
525,,,,,,,,,,,
526,,,,,,,,,,,
527,,,,,,,,,,,
528,,,,,,,,,,,
529,,,,,,,,,,,
530,,,,,,,,,,,
531,,,,,,,,,,,
532,,,,,,,,,,,
533,,,,,,,,,,,
534,,,,,,,,,,,
535,,,,,,,,,,,
536,,,,,,,,,,,
537,,,,,,,,,,,
538,,,,,,,,,,,
539,,,,,,,,,,,
540,,,,,,,,,,,
541,,,,,,,,,,,
542,,,,,,,,,,,
543,,,,,,,,,,,
544,,,,,,,,,,,
545,,,,,,,,,,,
546,,,,,,,,,,,
547,,,,,,,,,,,
548,,,,,,,,,,,
549,,,,,,,,,,,
550,,,,,,,,,,,
551,,,,,,,,,,,
552,,,,,,,,,,,
553,,,,,,,,,,,
554,,,,,,,,,,,
555,,,,,,,,,,,
556,,,,,,,,,,,
557,,,,,,,,,,,
558,,,,,,,,,,,
559,,,,,,,,,,,
560,,,,,,,,,,,
561,,,,,,,,,,,
562,,,,,,,,,,,
563,,,,,,,,,,,
564,,,,,,,,,,,
565,,,,,,,,,,,
566,,,,,,,,,,,
567,,,,,,,,,,,
568,,,,,,,,,,,
569,,,,,,,,,,,
570,,,,,,,,,,,
571,,,,,,,,,,,
572,,,,,,,,,,,
573,,,,,,,,,,,
574,,,,,,,,,,,
575,,,,,,,,,,,
576,,,,,,,,,,,
577,,,,,,,,,,,
578,,,,,,,,,,,
579,,,,,,,,,,,
580,,,,,,,,,,,
581,,,,,,,,,,,
582,,,,,,,,,,,
583,,,,,,,,,,,
584,,,,,,,,,,,
585,,,,,,,,,,,
586,,,,,,,,,,,
587,,,,,,,,,,,
588,,,,,,,,,,,
589,,,,,,,,,,,
590,,,,,,,,,,,
591,,,,,,,,,,,
592,,,,,,,,,,,
593,,,,,,,,,,,
594,,,,,,,,,,,
595,,,,,,,,,,,
596,,,,,,,,,,,
597,,,,,,,,,,,
598,,,,,,,,,,,
599,,,,,,,,,,,
600,,,,,,,,,,,
601,,,,,,,,,,,
602,,,,,,,,,,,
603,,,,,,,,,,,
604,,,,,,,,,,,
605,,,,,,,,,,,
606,,,,,,,,,,,
607,,,,,,,,,,,
608,,,,,,,,,,,
609,,,,,,,,,,,
610,,,,,,,,,,,
611,,,,,,,,,,,
612,,,,,,,,,,,
613,,,,,,,,,,,
614,,,,,,,,,,,
615,,,,,,,,,,,
616,,,,,,,,,,,
617,,,,,,,,,,,
618,,,,,,,,,,,
619,,,,,,,,,,,
620,,,,,,,,,,,
621,,,,,,,,,,,
622,,,,,,,,,,,
623,,,,,,,,,,,
624,,,,,,,,,,,
625,,,,,,,,,,,
626,,,,,,,,,,,
627,,,,,,,,,,,
628,,,,,,,,,,,
629,,,,,,,,,,,
630,,,,,,,,,,,
631,,,,,,,,,,,
632,,,,,,,,,,,
633,,,,,,,,,,,
634,,,,,,,,,,,
635,,,,,,,,,,,
636,,,,,,,,,,,
637,,,,,,,,,,,
638,,,,,,,,,,,
639,,,,,,,,,,,
640,,,,,,,,,,,
641,,,,,,,,,,,
642,,,,,,,,,,,
643,,,,,,,,,,,
644,,,,,,,,,,,
645,,,,,,,,,,,
646,,,,,,,,,,,
647,,,,,,,,,,,
648,,,,,,,,,,,
649,,,,,,,,,,,
650,,,,,,,,,,,
651,,,,,,,,,,,
652,,,,,,,,,,,
653,,,,,,,,,,,
654,,,,,,,,,,,
655,,,,,,,,,,,
656,,,,,,,,,,,
657,,,,,,,,,,,
658,,,,,,,,,,,
659,,,,,,,,,,,
660,,,,,,,,,,,
661,,,,,,,,,,,
662,,,,,,,,,,,
663,,,,,,,,,,,
664,,,,,,,,,,,
665,,,,,,,,,,,
666,,,,,,,,,,,
667,,,,,,,,,,,
668,,,,,,,,,,,
669,,,,,,,,,,,
670,,,,,,,,,,,
671,,,,,,,,,,,
672,,,,,,,,,,,
673,,,,,,,,,,,
674,,,,,,,,,,,
675,,,,,,,,,,,
676,,,,,,,,,,,
677,,,,,,,,,,,
678,,,,,,,,,,,
679,,,,,,,,,,,
680,,,,,,,,,,,
681,,,,,,,,,,,
682,,,,,,,,,,,
683,,,,,,,,,,,
684,,,,,,,,,,,
685,,,,,,,,,,,
686,,,,,,,,,,,
687,,,,,,,,,,,
688,,,,,,,,,,,
689,,,,,,,,,,,
690,,,,,,,,,,,
691,,,,,,,,,,,
692,,,,,,,,,,,
693,,,,,,,,,,,
694,,,,,,,,,,,
695,,,,,,,,,,,
696,,,,,,,,,,,
697,,,,,,,,,,,
698,,,,,,,,,,,
699,,,,,,,,,,,
700,,,,,,,,,,,
701,,,,,,,,,,,
702,,,,,,,,,,,
703,,,,,,,,,,,
704,,,,,,,,,,,
705,,,,,,,,,,,
706,,,,,,,,,,,
707,,,,,,,,,,,
708,,,,,,,,,,,
709,,,,,,,,,,,
710,,,,,,,,,,,
711,,,,,,,,,,,
712,,,,,,,,,,,
713,,,,,,,,,,,
714,,,,,,,,,,,
715,,,,,,,,,,,
716,,,,,,,,,,,
717,,,,,,,,,,,
718,,,,,,,,,,,
719,,,,,,,,,,,
720,,,,,,,,,,,
721,,,,,,,,,,,
722,,,,,,,,,,,
723,,,,,,,,,,,
724,,,,,,,,,,,
725,,,,,,,,,,,
726,,,,,,,,,,,
727,,,,,,,,,,,
728,,,,,,,,,,,
729,,,,,,,,,,,
730,,,,,,,,,,,
731,,,,,,,,,,,
732,,,,,,,,,,,
733,,,,,,,,,,,
734,,,,,,,,,,,
735,,,,,,,,,,,
736,,,,,,,,,,,
737,,,,,,,,,,,
738,,,,,,,,,,,
739,,,,,,,,,,,
740,,,,,,,,,,,
741,,,,,,,,,,,
742,,,,,,,,,,,
743,,,,,,,,,,,
744,,,,,,,,,,,
745,,,,,,,,,,,
746,,,,,,,,,,,
747,,,,,,,,,,,
748,,,,,,,,,,,
749,,,,,,,,,,,
750,,,,,,,,,,,
751,,,,,,,,,,,
752,,,,,,,,,,,
753,,,,,,,,,,,
754,,,,,,,,,,,
755,,,,,,,,,,,
756,,,,,,,,,,,
757,,,,,,,,,,,
758,,,,,,,,,,,
759,,,,,,,,,,,
760,,,,,,,,,,,
761,,,,,,,,,,,
762,,,,,,,,,,,
763,,,,,,,,,,,
764,,,,,,,,,,,
765,,,,,,,,,,,
766,,,,,,,,,,,
767,,,,,,,,,,,
768,,,,,,,,,,,
769,,,,,,,,,,,
770,,,,,,,,,,,
771,,,,,,,,,,,
772,,,,,,,,,,,
773,,,,,,,,,,,
774,,,,,,,,,,,
775,,,,,,,,,,,
776,,,,,,,,,,,
777,,,,,,,,,,,
778,,,,,,,,,,,
779,,,,,,,,,,,
780,,,,,,,,,,,
781,,,,,,,,,,,
782,,,,,,,,,,,
783,,,,,,,,,,,
784,,,,,,,,,,,
785,,,,,,,,,,,
786,,,,,,,,,,,
787,,,,,,,,,,,
788,,,,,,,,,,,
789,,,,,,,,,,,
790,,,,,,,,,,,
791,,,,,,,,,,,
792,,,,,,,,,,,
793,,,,,,,,,,,
794,,,,,,,,,,,
795,,,,,,,,,,,
796,,,,,,,,,,,
797,,,,,,,,,,,
798,,,,,,,,,,,
799,,,,,,,,,,,
800,,,,,,,,,,,
801,,,,,,,,,,,
802,,,,,,,,,,,
803,,,,,,,,,,,
804,,,,,,,,,,,
805,,,,,,,,,,,
806,,,,,,,,,,,
807,,,,,,,,,,,
808,,,,,,,,,,,
809,,,,,,,,,,,
810,,,,,,,,,,,
811,,,,,,,,,,,
812,,,,,,,,,,,
813,,,,,,,,,,,
814,,,,,,,,,,,
815,,,,,,,,,,,
816,,,,,,,,,,,
817,,,,,,,,,,,
818,,,,,,,,,,,
819,,,,,,,,,,,
820,,,,,,,,,,,
821,,,,,,,,,,,
822,,,,,,,,,,,
823,,,,,,,,,,,
824,,,,,,,,,,,
825,,,,,,,,,,,
826,,,,,,,,,,,
827,,,,,,,,,,,
828,,,,,,,,,,,
829,,,,,,,,,,,
830,,,,,,,,,,,
831,,,,,,,,,,,
832,,,,,,,,,,,
833,,,,,,,,,,,
834,,,,,,,,,,,
835,,,,,,,,,,,
836,,,,,,,,,,,
837,,,,,,,,,,,
838,,,,,,,,,,,
839,,,,,,,,,,,
840,,,,,,,,,,,
841,,,,,,,,,,,
842,,,,,,,,,,,
843,,,,,,,,,,,
844,,,,,,,,,,,
845,,,,,,,,,,,
846,,,,,,,,,,,
847,,,,,,,,,,,
848,,,,,,,,,,,
849,,,,,,,,,,,
850,,,,,,,,,,,
851,,,,,,,,,,,
852,,,,,,,,,,,
853,,,,,,,,,,,
854,,,,,,,,,,,
855,,,,,,,,,,,
856,,,,,,,,,,,
857,,,,,,,,,,,
858,,,,,,,,,,,
859,,,,,,,,,,,
860,,,,,,,,,,,
861,,,,,,,,,,,
862,,,,,,,,,,,
863,,,,,,,,,,,
864,,,,,,,,,,,
865,,,,,,,,,,,
866,,,,,,,,,,,
867,,,,,,,,,,,
868,,,,,,,,,,,
869,,,,,,,,,,,
870,,,,,,,,,,,
871,,,,,,,,,,,
872,,,,,,,,,,,
873,,,,,,,,,,,
874,,,,,,,,,,,
875,,,,,,,,,,,
876,,,,,,,,,,,
877,,,,,,,,,,,
878,,,,,,,,,,,
879,,,,,,,,,,,
880,,,,,,,,,,,
881,,,,,,,,,,,
882,,,,,,,,,,,
883,,,,,,,,,,,
884,,,,,,,,,,,
885,,,,,,,,,,,
886,,,,,,,,,,,
887,,,,,,,,,,,
888,,,,,,,,,,,
889,,,,,,,,,,,
890,,,,,,,,,,,
891,,,,,,,,,,,
892,,,,,,,,,,,
893,,,,,,,,,,,
894,,,,,,,,,,,
895,,,,,,,,,,,
896,,,,,,,,,,,
897,,,,,,,,,,,
898,,,,,,,,,,,
899,,,,,,,,,,,
900,,,,,,,,,,,
901,,,,,,,,,,,
902,,,,,,,,,,,
903,,,,,,,,,,,
904,,,,,,,,,,,
905,,,,,,,,,,,
906,,,,,,,,,,,
907,,,,,,,,,,,
908,,,,,,,,,,,
909,,,,,,,,,,,
910,,,,,,,,,,,
911,,,,,,,,,,,
912,,,,,,,,,,,
913,,,,,,,,,,,
914,,,,,,,,,,,
915,,,,,,,,,,,
916,,,,,,,,,,,
917,,,,,,,,,,,
918,,,,,,,,,,,
919,,,,,,,,,,,
920,,,,,,,,,,,
921,,,,,,,,,,,
922,,,,,,,,,,,
923,,,,,,,,,,,
924,,,,,,,,,,,
925,,,,,,,,,,,
926,,,,,,,,,,,
927,,,,,,,,,,,
928,,,,,,,,,,,
929,,,,,,,,,,,
930,,,,,,,,,,,
931,,,,,,,,,,,
932,,,,,,,,,,,
933,,,,,,,,,,,
934,,,,,,,,,,,
935,,,,,,,,,,,
936,,,,,,,,,,,
937,,,,,,,,,,,
938,,,,,,,,,,,
939,,,,,,,,,,,
940,,,,,,,,,,,
941,,,,,,,,,,,
942,,,,,,,,,,,
943,,,,,,,,,,,
944,,,,,,,,,,,
945,,,,,,,,,,,
946,,,,,,,,,,,
947,,,,,,,,,,,
948,,,,,,,,,,,
949,,,,,,,,,,,
950,,,,,,,,,,,
951,,,,,,,,,,,
952,,,,,,,,,,,
953,,,,,,,,,,,
954,,,,,,,,,,,
955,,,,,,,,,,,
956,,,,,,,,,,,
957,,,,,,,,,,,
958,,,,,,,,,,,
959,,,,,,,,,,,
960,,,,,,,,,,,
961,,,,,,,,,,,
962,,,,,,,,,,,
963,,,,,,,,,,,
964,,,,,,,,,,,
965,,,,,,,,,,,
966,,,,,,,,,,,
967,,,,,,,,,,,
968,,,,,,,,,,,
969,,,,,,,,,,,
970,,,,,,,,,,,
971,,,,,,,,,,,
972,,,,,,,,,,,
973,,,,,,,,,,,
974,,,,,,,,,,,
975,,,,,,,,,,,
976,,,,,,,,,,,
977,,,,,,,,,,,
978,,,,,,,,,,,
979,,,,,,,,,,,
980,,,,,,,,,,,
981,,,,,,,,,,,
982,,,,,,,,,,,
983,,,,,,,,,,,
984,,,,,,,,,,,
985,,,,,,,,,,,
986,,,,,,,,,,,
987,,,,,,,,,,,
988,,,,,,,,,,,
989,,,,,,,,,,,
990,,,,,,,,,,,
991,,,,,,,,,,,
992,,,,,,,,,,,
993,,,,,,,,,,,
994,,,,,,,,,,,
995,,,,,,,,,,,
996,,,,,,,,,,,
997,,,,,,,,,,,
998,,,,,,,,,,,
999,,,,,,,,,,,